{"cameraMode":{"drawMode":0,"name":"Shaded","section":"Shading Mode"},"sceneLighting":false,"audioPlay":false,"sceneViewState":{"m_AlwaysRefresh":false,"showFog":true,"showSkybox":false,"showFlares":true,"showImageEffects":true,"showParticleSystems":true,"showVisualEffectGraphs":true,"m_FxEnabled":false},"in2DMode":false,"pivot":{"x":-59.741825103759769,"y":2.9363627433776857,"z":65.68151092529297},"rotation":{"x":0.49779248237609866,"y":-0.10101673007011414,"z":0.05850231647491455,"w":0.8594163060188294},"size":3.532050609588623,"orthographic":false}